,Vacancies,Companies,Deadlines,Locations,Individual Pages
0,Retail Manager,Adjarabet.am,31 July 2020,Yerevan,https://staff.am/en/retail-manager
1,Գործադիր տնօրեն,Partner Company,17 July 2020,Yerevan,https://staff.am/en/gorcadir-tnoren-3
2,Content Strategist,Cypress,31 July 2020,Yerevan,https://staff.am/en/content-strategist
3,Senior Software Engineer,Workfront Armenia,31 July 2020,Yerevan,https://staff.am/en/senior-software-engineer-73
4,React.js Developer,Fast Shift LLC,31 July 2020,Yerevan,https://staff.am/en/reactjs-developer-93
5,HR Specialist,Veolia Armenia,31 July 2020,Yerevan,https://staff.am/en/hr-specialist-108
6,Scrum Master,Webb Fontaine Holding LLC,24 July 2020,Yerevan,https://staff.am/en/scrum-master-95
7,Digital Marketing Manager,Digitain ,31 July 2020,Yerevan,https://staff.am/en/digital-marketing-manager-39
8,Marketing Administrative Assistant,Globbing,20 July 2020,Yerevan,https://staff.am/en/marketing-administrative-assistant-1
9,IT projects manager,VEON Armenia CJSC,22 July 2020,Yerevan,https://staff.am/en/it-projects-manager-1
10,Senior Mobile Software Engineer in Test,PicsArt,31 July 2020,Yerevan,https://staff.am/en/senior-mobile-software-engineer-in-test-19
11, Development senior specialist,VEON Armenia CJSC,22 July 2020,Yerevan,https://staff.am/en/development-senior-specialist-3
12,Նախագծի ղեկավարի օգնական,Atenk Ltd,29 July 2020,Yerevan,https://staff.am/en/naxagci-gekavari-ognakan-10
13,Experienced Project Manager,FLUX Technologies,31 July 2020,Yerevan,https://staff.am/en/experienced-project-manager-8
14,React.js Developer (Mid/Senior),Priotix,31 July 2020,Yerevan,https://staff.am/en/reactjs-developer-midsenior-5
15,Creative Account Manager,Publicis Hepta LLC,15 July 2020,Yerevan,https://staff.am/en/creative-account-manager-1
16,Graphic Designer,Publicis Hepta LLC,15 July 2020,Yerevan,https://staff.am/en/graphic-designer-376
17,QA Engineer,PicsArt,31 July 2020,Yerevan,https://staff.am/en/qa-engineer-509
18,Web Designer,PicsArt,31 July 2020,Yerevan,https://staff.am/en/web-designer-73
19,Product Designer,PicsArt,31 July 2020,Yerevan,https://staff.am/en/product-designer-26
20,Quality Assurance Team Lead,PicsArt,31 July 2020,Yerevan,https://staff.am/en/quality-assurance-team-lead-22
21,QA Engineer (Web),PicsArt,31 July 2020,Yerevan,https://staff.am/en/web-qa-engineer-15
22,"Backend Engineer, Computer Vision",PicsArt,31 July 2020,Yerevan,https://staff.am/en/backend-engineer-computer-vision-13
23,"Backend Engineer, User Behavior",PicsArt,31 July 2020,Yerevan,https://staff.am/en/backend-engineer-user-behavior-13
24,"Senior Backend Engineer, Computer Vision",PicsArt,31 July 2020,Yerevan,https://staff.am/en/senior-backend-engineer-computer-vision-13
25,"Senior Backend Engineer, User Behavior",PicsArt,31 July 2020,Yerevan,https://staff.am/en/senior-backend-engineer-user-behavior-13
26,"Technical Program Manager, Trust & Safety",PicsArt,31 July 2020,Yerevan,https://staff.am/en/technical-program-manager-trust-safety-6
27,Senior JavaScript Engineer,PicsArt,31 July 2020,Yerevan,https://staff.am/en/senior-javascript-engineer-22
28,Senior Full Stack JavaScript Engineer,PicsArt,31 July 2020,Yerevan,https://staff.am/en/senior-full-stack-javascript-engineer-6
29,Data Scientist,PicsArt,31 July 2020,Yerevan,https://staff.am/en/data-scientist-82
30,Data Engineer (Spark),PicsArt,31 July 2020,Yerevan,https://staff.am/en/data-engineer-spark-6
31,Senior C++ Engineer,PicsArt,31 July 2020,Yerevan,https://staff.am/en/senior-c-developer-125
32,Senior Product Designer,PicsArt,31 July 2020,Yerevan,https://staff.am/en/senior-product-designer-7
33,Senior Frontend Engineer (HTML/CSS),PicsArt,31 July 2020,Yerevan,https://staff.am/en/senior-frontend-engineer-htmlcss-1
34,User Success Specialist,PicsArt,31 July 2020,Yerevan,https://staff.am/en/user-success-specialist-1
35,Senior Backend Engineer,PicsArt,31 July 2020,Yerevan,https://staff.am/en/senior-backend-engineer-2
36,C++ Engineer,PicsArt,31 July 2020,Yerevan,https://staff.am/en/c-engineer-7
37,C# Developer,PicsArt,31 July 2020,Yerevan,https://staff.am/en/mid-level-c-developer-6
38,RPA Developer,ACBA-CREDIT AGRICOLE BANK CJSC,31 July 2020,Yerevan,https://staff.am/en/rpa-developer
39,"DevOps Engineer, Communications Services",DataArt Armenia,31 July 2020,Yerevan,https://staff.am/en/devops-engineer-communications-services-1
40,Experienced Project Manager,Devolon Armenia,31 July 2020,Yerevan,https://staff.am/en/experienced-project-manager-4
41,UI/UX Designer,Devolon Armenia,31 July 2020,Yerevan,https://staff.am/en/uiux-designer-401
42,Եվրոպական և միջազգային ծրագրերի համակարգող,Հայաստանում ֆրանսիական համալսարան/ French University in Armenia (UFAR),10 July 2020,Yerevan,https://staff.am/en/evropakan-ev-mijazgayin-cragreri-hamakargog-1
43,Junior C# Developer,AIKODA LLC,31 July 2020,Yerevan,https://staff.am/en/junior-c-developer-1
44,Junior Front-End Developer,AIKODA LLC,31 July 2020,Yerevan,https://staff.am/en/junior-javascript-developer-1
45,User Support Engineer,Evolution Gaming,18 July 2020,Yerevan,https://staff.am/en/user-support-engineer-1
46,iOS Developer,All.me LLC,20 July 2020,Yerevan,https://staff.am/en/ios-developer-229
47,Android Developer-Consultаnt,All.me LLC,16 July 2020,Yerevan,https://staff.am/en/android-developer-consultant-1
48,Support Specialist (With knowledge of Portuguese),All.me LLC,15 July 2020,Yerevan,https://staff.am/en/support-specialist-with-knowledge-of-portuguese-2
49,Automation QA Engineer,The Software Development Company,31 July 2020,Yerevan,https://staff.am/en/automation-qa-engineer-53
50,Digital Marketing Specialist /Storyteller,SFL,30 July 2020,Yerevan,https://staff.am/en/digital-marketing-specialist-storyteller
51,"Public Communications and Outreach Officer, Armenia Integrity Project",Chemonics International Inc.,08 July 2020,Yerevan,https://staff.am/en/public-communications-and-outreach-officer-armenia-integrity-project
52,Senior React.js Developer,MOA Communications,30 July 2020,Yerevan,https://staff.am/en/senior-reactjs-developer-62
53,"Senior Governance Officer, Armenia Integrity Project",Chemonics International Inc.,08 July 2020,Yerevan,https://staff.am/en/senior-governance-officer
54,"Deputy Chief of Party, Armenia Integrity Project",Chemonics International Inc.,08 July 2020,Yerevan,https://staff.am/en/deputy-chief-of-party
55,Medical equipment representative ,Med Standard,29 July 2020,Yerevan,https://staff.am/en/medical-equipment-representative-2
56,Junior Accountant,Step Consulting LLC,20 July 2020,Yerevan,https://staff.am/en/junior-accountant-21
57,Trainer,«Teghout» CJSC ,08 July 2020,Alaverdi,https://staff.am/en/trainer-16
58,Digital Marketing Specialist,Network Zone,30 July 2020,Yerevan,https://staff.am/en/digital-marketing-specialist-216
59,Անվտանգության աշխատակից (իգական),Atenk Ltd,15 July 2020,Yerevan,https://staff.am/en/anvtangutyan-asxatakic-igakan-1
60,Graphic Designer ,Network Zone,30 July 2020,Yerevan,https://staff.am/en/graphic-designer-373
61,Senior Product Manager - Mobile Applications,DISQO,30 July 2020,Yerevan,https://staff.am/en/senior-product-manager-mobile-applications-1
62,"Associate Software Development Engineer in Test , Front-End",DISQO,30 July 2020,Yerevan,https://staff.am/en/associate-software-development-engineer-in-test-front-end
63,QA tester, Joomag,30 July 2020,Yerevan,https://staff.am/en/qa-tester-11
64,SMM specialist ,Renderforest,30 July 2020,Yerevan,https://staff.am/en/smm-specialist-333
65,System Administrator/DevOps,Հայ-Թեք Գեթվեյ ՍՊԸ հ/մ,30  July 2020,Yerevan,https://staff.am/en/system-administratordevops-10
66,ՏԵԽՆԻԿԱԿԱՆ ԱՋԱԿՑՈՒԹՅԱՆ ՄԱՍՆԱԳԵՏ,Հայ-Թեք Գեթվեյ ՍՊԸ հ/մ,30 July 2020,Yerevan,https://staff.am/en/texnikakan-ajakcutyan-masnaget-18
67,ՄԱՐՔԵԹԻՆԳԻ ՄԱՍՆԱԳԵՏ,Genacvale Tavern,30 July 2020,Yerevan,https://staff.am/en/marketingi-masnaget-72
68, Translator,FCl Urartu SNGO,30 July 2020,Yerevan,https://staff.am/en/translator-23
69,Experienced UI-UX Designer/UI Artist,MINNOVA.AM,30 July 2020,Yerevan,https://staff.am/en/experienced-ui-ux-designerui-artist
70,Junior/Mid Game UI Engineer (bootcamp),Rockbite Games,08 July 2020,Yerevan,https://staff.am/en/juniormid-game-ui-engineer-bootcamp-1
71,"Chief of Party, Armenia Integrity Project",Chemonics International Inc.,08 July 2020,Yerevan,https://staff.am/en/chief-of-party-armenia-integrity-project
72,Cashier,Ameriabank CJSC,12 July 2020,Yerevan,https://staff.am/en/cashier-49
73, Junior Expert /Facilitator of National Determined Contributions Implementation in Armenia,UNDP Armenia Office,07 July 2020,Yerevan,https://staff.am/en/junior-expert-facilitator-of-national-determined-contributions-implementation-in-armenia
74,«Իջևան» մասնաճյուղի շրջիկ ԸԱ «Տավուշ» ծրագրի սոցիալական աշխատող,SOS Children's Villages Armenia,15 July 2020,Noyemberyan,https://staff.am/en/ijevan-masnacyugi-srjik-a-tavus-cragri-socialakan-asxatog-1
75,Back-End Software Engineer,BIVAC Armenia CJSC,30 July 2020,Yerevan,https://staff.am/en/back-end-software-engineer-6
76,Գլխավոր հաշվապահի տեղակալ,ՇԻՆԱՐԱՐԱԿԱՆ ՍՊԸ,30 July 2020,Yerevan,https://staff.am/en/deputy-chief-accountant-19
77,Front-End Developer,BIVAC Armenia CJSC,30 July 2020,Yerevan,https://staff.am/en/front-end-developer-364
78,Inbound Communication Team Specialist,Ameriabank CJSC,12 July 2020,Yerevan,https://staff.am/en/inbound-communication-team-specialist-2
79,Engineering Project Manager,National Instruments AM LLC,29 July 2020,Yerevan,https://staff.am/en/engineering-project-manager
80,Mid/Senior Angular Developer,Digitain ,15 July 2020,Yerevan,https://staff.am/en/midsenior-angular-developer-9
81,Պրոցեսինգային համակարգի մասնագետ,Easy Pay LLC,29 July 2020,Yerevan,https://staff.am/en/procesingayin-hamakargi-masnaget-1
82,Junior Network administrator,ACBA-CREDIT AGRICOLE BANK CJSC,29 July 2020,Yerevan,https://staff.am/en/junior-network-administrator-1
83,Փաստաբան,Partner Company,29 July 2020,Yerevan,https://staff.am/en/pastaban-14
84,Специалист-Кассир,Ameriabank CJSC,12 July 2020,Yerevan,https://staff.am/en/specialist-kassir-6
85,Sr. Product Manager - Marketing,ServiceTitan,29 July 2020,Yerevan,https://staff.am/en/sr-product-manager-marketing
86,Accountant-cashier,AraratBank OJSC,29 July 2020,Yerevan,https://staff.am/en/accountant-cashier-6
87,PHP Developer,Studio One,29 July 2020,Yerevan,https://staff.am/en/php-developer-202
88,account holder,ՍՎԵՏԱ ՍՊԸ,29 July 2020,Yerevan,https://staff.am/en/account-holder
89,Intermediate Front End Developer (coder),Studio One,29 July 2020,Yerevan,https://staff.am/en/front-end-developer-coder-senior-and-intermediate
90,Senior Software Engineer (Security Compliance),ServiceTitan,29 July 2020,Yerevan,https://staff.am/en/senior-software-engineer-security-compliance
91,System Administrator/DevOps,Studio One,29 July 2020,Yerevan,https://staff.am/en/system-administratordevops-7
92,Accountant,WEISSCO LLC,29 July 2020,Yerevan,https://staff.am/en/accountant-470
93,Helpdesk Technician,DISQO,29 July 2020,Yerevan,https://staff.am/en/helpdesk-technician-9
94,React.js Developer - SpringBuilder,SoftConstruct,29 July 2020,Yerevan,https://staff.am/en/reactjs-developer-springbuilder
95,QA Engineer - SpringBuilder,SoftConstruct,29 July 2020,Yerevan,https://staff.am/en/qa-engineer-springbuilder
96,Manual QA Tester,ServiceTitan,29 July 2020,Yerevan,https://staff.am/en/manual-qa-tester-27
97,Ծրագրերի (ֆոնդհայթայթման) պատասխանատու,The Communities Association of Armenia,08 July 2020,Yerevan,https://staff.am/en/cragreri-fondhaytaytman-patasxanatu
98,Sports Web Designer,Adjarabet.am,15 July 2020,Yerevan,https://staff.am/en/sports-web-designer-1
99,Research Analyst,Adjarabet.am,15 July 2020,Yerevan,https://staff.am/en/research-analyst-13
100,Ծրագրերի մշակման պատասխանատու,The Communities Association of Armenia,08 July 2020,Yerevan,https://staff.am/en/cragreri-msakman-patasxanatu
101,Հարկային հաշվառման մասնագետ,Veolia Armenia,29 July 2020,Yerevan,https://staff.am/en/harkayin-hasvarman-masnaget
102,Մանկավարժ / «Երևանում Սիրիահայ ընտանիքների սոցիալ-տնտեսական ինտեգրումը» ծրագիր,SOS Children's Villages Armenia,15 July 2020,Yerevan,https://staff.am/en/mankavarz-erevanum-siriahay-ntanikneri-social-tntesakan-integrum-cragir-3
103,Խոհարար / «Երևանում Սիրիահայ ընտանիքների սոցիալ-տնտեսական ինտեգրումը» ծրագիր,SOS Children's Villages Armenia,15 July 2020,Yerevan,https://staff.am/en/xoharar-erevanum-siriahay-ntanikneri-social-tntesakan-integrum-cragir-2
104,Marketing Specialist ,AAB Construction,29 July 2020,Yerevan,https://staff.am/en/marketing-specialist-218
105,ASIC Physical Design Engineer/ 25774,Synopsys Armenia ,29 July 2020,Yerevan,https://staff.am/en/asic-physical-design-engineer-25774
106,IT Project Manager,Cypress,26 July 2020,Yerevan,https://staff.am/en/it-project-manager-89
107,Senior ASIC Physical Design Engineer/ 25762BR,Synopsys Armenia ,29 July 2020,Yerevan,https://staff.am/en/senior-asic-physical-design-engineer-25762br
108,Senior QA Engineer,Synopsys Armenia ,29 July 2020,Yerevan,https://staff.am/en/senior-qa-engineer-163
109,Senior R&D Engineer/25405,Synopsys Armenia ,29 July 2020,Yerevan,https://staff.am/en/senior-rd-engineer25405
110,ASIC Physical Design Engineer/ 25773,Synopsys Armenia ,29 July 2020,Yerevan,https://staff.am/en/asic-physical-design-engineer-25773
111,ASIC Physical Design Engineer/25778,Synopsys Armenia ,29 July 2020,Yerevan,https://staff.am/en/asic-physical-design-engineer25778
112,Senior Analog Design Engineer/ 25717BR,Synopsys Armenia ,29 July 2020,Yerevan,https://staff.am/en/senior-analog-design-engineer-25717br
113,Analog Design Engineer/25799 ,Synopsys Armenia ,29 July 2020,Yerevan,https://staff.am/en/analog-design-engineer25799
114,Scrum Master - SpringBuilder,SoftConstruct,28 July 2020,Yerevan,https://staff.am/en/scrum-master-springbuilder
115,Sales manager,ANITEX LLC,27 July 2020,Yerevan,https://staff.am/en/sales-manager-413
116, Medical Equipment Representative,Concern-Energomash CJSC,17 July 2020,Yerevan,https://staff.am/en/medical-equipment-representative
117,Chief Accountant,Softline Armenia,26 July 2020,Yerevan,https://staff.am/en/chief-accountant-83
118,Software Engineer (m/f/d),PubNative GmbH,26 July 2020,Yerevan,https://staff.am/en/software-engineer-mfd
119,Sales Solution Infrastructure,Softline Armenia,26 July 2020,Yerevan,https://staff.am/en/sales-solution-infrastructure-4
120,Online Store Manager,Softline Armenia,26 July 2020,Yerevan,https://staff.am/en/online-store-manager
121,Վճարումների խորհրդատու,Easy Pay LLC,26 July 2020,Yerevan,https://staff.am/en/vcarumneri-xorhrdatu-2
122,Accountant-cashier,Concern-Energomash CJSC,26 July 2020,Yerevan,https://staff.am/en/accountant-cashier-3
123,HR specialist,SoftConstruct,10 July 2020,Yerevan,https://staff.am/en/hr-specialist-105
124,IT Project Manager,Digitec Innovations LLC,26 July 2020,Yerevan,https://staff.am/en/it-project-manager-86
125,Backend Developer,Digitec Innovations LLC,26 July 2020,Yerevan,https://staff.am/en/backend-developer-34
126,Հաշվետար,Էյ Էմ Գրուպ ՍՊԸ,26 July 2020,Yerevan,https://staff.am/en/hasvetar-54
127,Product Owner,SoftConstruct,26 July 2020,Yerevan,https://staff.am/en/product-owner-137
128,Executive Assistant,Partner Company,26 July 2020,Yerevan,https://staff.am/en/executive-assistant-87
129,Accountant,SoftConstruct,10 July 2020,Yerevan,https://staff.am/en/accountant-467
130,Junior Risk Analyst (mixed shifts),SoftConstruct,15 July 2020,Yerevan,https://staff.am/en/junior-risk-analyst-night-shifts-6
131,Technical Project Manager ,IYC technologies,26 July 2020,Yerevan,https://staff.am/en/technical-project-manager-26
132,Վաճառքի մենեջեր,Բերդ Կաթնամթերք,10 July 2020,Yerevan,https://staff.am/en/vacarki-menejer-125
133,Պանրի տեխնոլոգ,Բերդ Կաթնամթերք,10 July 2020,Chambarak,https://staff.am/en/panri-texnolog
134,Senior PHP / Laravel Developer,Innorise Entertainment LLC,26 July 2020,Yerevan,https://staff.am/en/senior-php-laravel-developer-6
135,Content Moderator,All.me LLC,09 July 2020,Yerevan,https://staff.am/en/content-moderator-18
136,Internal Auditor,SEF International UCO ,10 July 2020,Yerevan,https://staff.am/en/internal-auditor-40
137,Senior Java Software Engineer,MentorcliQ,26 July 2020,Yerevan,https://staff.am/en/senior-java-software-engineer-73
138,Senior Internal Auditor ,SEF International UCO ,10 July 2020,Yerevan,https://staff.am/en/senior-internal-auditor-11
139,Գործընկերների ներգրավման մասնագետ,SEF International UCO ,10 July 2020,Yerevan,https://staff.am/en/gorcnkerneri-nergravman-masnaget-9
140,Senior Backend (node.js) Developer,Priotix,26 July 2020,Yerevan,https://staff.am/en/senior-backend-nodejs-developer-4
141,Ժամկետանցի կառավարման բաժնի ղեկավար,SEF International UCO ,10 July 2020,Yerevan,https://staff.am/en/zamketanci-karavarman-bazni-gekavar-7
142,Senior Software Development Engineer in Test,Workfront Armenia,26 July 2020,Yerevan,https://staff.am/en/senior-software-development-engineer-in-test
143,Հյուրընկալ,Fora Premium,26 July 2020,Yerevan,https://staff.am/en/hyurnkal-3
144,Graphic designer,AraratBank OJSC,20 July 2020,Yerevan,https://staff.am/en/graphic-desinger
145,Ավագ գանձապահ «Վանաձոր» մասնաճյուղում,Fast Credit Capital UCO CJSC,26 July 2020,Vanadzor,https://staff.am/en/ganjapah-36-3
146,Graphic Designer ,Sygnoos ,26 July 2020,Yerevan,https://staff.am/en/graphic-designer-370
147,Senior Software Developer,LSOFT LTD,25 July 2020,Yerevan,https://staff.am/en/senior-software-developer-27
148,SMM Specialist,SoftConstruct,10 July 2020,Yerevan,https://staff.am/en/smm-specialist-330
149,UI/UX designer,All.me LLC,08 July 2020,Yerevan,https://staff.am/en/uiux-designer-398
150,Financial Reporting and Media Planning Unit Manager,Digitain ,18 July 2020,Yerevan,https://staff.am/en/financial-reporting-and-media-planning-unit-manager
151,Sales Manager,Bplan LLC,25 July 2020,Yerevan,https://staff.am/en/sales-manager-410
152,Call Center Agent,Armada Armenia,25 July 2020,Yerevan,https://staff.am/en/call-center-agent-4
153,Java Software Engineer,Essential,25 July 2020,Yerevan,https://staff.am/en/java-software-engineer-1
154,Software Developer,American University of Armenia Fund,16 July 2020,Yerevan,https://staff.am/en/software-developer-77
155,Associate Consultant,Գրանթ Թորնթոն ՓԲԸ,20 July 2020,Yerevan,https://staff.am/en/associate-consultant-4
156,Consultant,Գրանթ Թորնթոն ՓԲԸ,20 July 2020,Yerevan,https://staff.am/en/consultant-12
157,«Բանկային և ապահովագրական ոլորտի մասնագիտություններ» առարկայի դասախոս,Հայաստանում ֆրանսիական համալսարան/ French University in Armenia (UFAR),15 July 2020,Yerevan,https://staff.am/en/bankayin-ev-apahovagrakan-olorti-masnagitutyunner-ararkayi-dasaxos
158,Ինֆորմատիկա և կիրառական մաթեմատիկա ֆակուլտետի դասախոս,Հայաստանում ֆրանսիական համալսարան/ French University in Armenia (UFAR),15 July 2020,Yerevan,https://staff.am/en/informatika-ev-kirarakan-matematika-fakulteti-dasaxos
159,Digital Marketing Specialist,Art Lunch,25 July 2020,Yerevan,https://staff.am/en/digital-marketing-specialist-213
160,Sr. Product Manager - Sales Tech,ServiceTitan,25 July 2020,Yerevan,https://staff.am/en/sr-product-manager-sales-tech
161,Product Manager - Inventory,ServiceTitan,25 July 2020,Yerevan,https://staff.am/en/product-manager-inventory
162,Product Manager - Accounting,ServiceTitan,25 July 2020,Yerevan,https://staff.am/en/product-manager-accounting
163,Mid Angular Developer,Devolon Armenia,25 July 2020,Yerevan,https://staff.am/en/mid-angular-developer
164,UI/UX Designer,Haypost CJSC,25 July 2020,Yerevan,https://staff.am/en/uiux-designer-395
165,Motion designer/Video Editor Freelance/Videographer,IFCMARKETS.CORP.,02 July 2020,Yerevan,https://staff.am/en/motion-designervideo-editor-freelancevideographer-1
166,Logistics Manager,Globbing,24 July 2020,Yerevan,https://staff.am/en/logistics-manager-36
167,Call Center Specialist (evening and night shift),ID Bank CJSC,10 July 2020,Yerevan,https://staff.am/en/call-center-specialist-evening-and-night-shift-1
168,Live Dealer (English or Spanish),SoftConstruct,24 July 2020,Yerevan,https://staff.am/en/live-dealer-english-or-spanish-1
169,Purchasing and Business Department Manager,Globbing,24 July 2020,Yerevan,https://staff.am/en/purchasing-and-business-department-manager-7
170,Հեռախոսազանգերի կենտրոնի Տեղեկատվական խմբի ղեկավար,ID Bank CJSC,10 July 2020,Yerevan,https://staff.am/en/heraxosazangeri-kentroni-tegekatvakan-xmbi-gekavar-1
171,Product Manager,Webb Fontaine Holding LLC,24 July 2020,Yerevan,https://staff.am/en/product-manager-155
172,Mid/PHP developer,Taxi Armenia LLC,24 July 2020,Yerevan,https://staff.am/en/midphp-developer
173,Node.js Developer,All.me LLC,02 July 2020,Yerevan,https://staff.am/en/nodejs-developer-77
174,Շուկայի զարգացման պատասխանատու,ՇԻՆԱՐԱՐԱԿԱՆ ՍՊԸ,24 July 2020,Yerevan,https://staff.am/en/sukayi-zargacman-patasxanatu-30
175,Data analyst,buymie,24 July 2020,Yerevan,https://staff.am/en/data-analyst-53
176, Sales and Service Specialist ,Ucom CJSC,15 July 2020,Yerevan,https://staff.am/en/sales-and-service-specialist-37
177,Ինժեներ,Mikshin,24 July 2020,Yerevan,https://staff.am/en/inzener-28
178,National Programme Policy Officer (School Meals Programme Implementation),UNITED NATIONS WORLD FOOD PROGRAMME - ARMENIA,08 July 2020,Yerevan,https://staff.am/en/national-programme-policy-officer-school-meals-programme-implementation
179,թվային գունավոր տպագրության սարքավորման օպերատոր/մասնագետ,"""LIMUSH"" Printing House",24 July 2020,Yerevan,https://staff.am/en/tvayin-gunavor-tpagrutyan-sarkavorman-operatormasnaget
180,Աշխղեկ,Mikshin,24 July 2020,Yerevan,https://staff.am/en/asxgek-2
181,.Net Developer (full stack),Praemium RA LLC,24 July 2020,Yerevan,https://staff.am/en/net-developer-full-stack-30
182,Graphic Designer ,Haypost CJSC,24 July 2020,Yerevan,https://staff.am/en/graphic-designer-366
183,Security Officer,Inecobank CJCS,24 July 2020,Yerevan,https://staff.am/en/security-officer-19
184,Accountant and Financial Controller,VG LLC,20 July 2020,Yerevan,https://staff.am/en/accountant-464
185,Sales/service management,Հայաստանի ֆուտբոլի ֆեդերացիա,24 July 2020,Yerevan,https://staff.am/en/salesservice-management
186,Linux Systems Administrator,IFCMARKETS.CORP.,02 July 2020,Yerevan,https://staff.am/en/linux-systems-administrator-12
187,Human Rights Expert,UNDP Armenia Office,04 July 2020,Yerevan,https://staff.am/en/human-rights-expert
188,Customer Support Representative ,Տուն Սերվիս ՍՊԸ,24 July 2020,Yerevan,https://staff.am/en/customer-support-representative-26
189,Unity Developer,SoftConstruct,24 July 2020,Yerevan,https://staff.am/en/unity-developer-29
190,Մատակարար,ՍԻԷԼԷՅ ,24 July 2020,Yerevan,https://staff.am/en/matakarar-12
191,Targeted Marketing Junior Specialist,Digitain ,24 July 2020,Yerevan,https://staff.am/en/targeted-marketing-junior-specialist
192,Accountant Intern,Assets CJSC,24 July 2020,Yerevan,https://staff.am/en/accountant-intern
193,QA Engineer,SoftConstruct,24 July 2020,Yerevan,https://staff.am/en/qa-engineer-506
194,Payment Specialist,Digitain ,24 July 2020,Yerevan,https://staff.am/en/payment-specialist-10
195,Որակի վերահսկիչ,Atenk Ltd,16 July 2020,Yerevan,https://staff.am/en/oraki-verahskic-12
196,Մեխանիկ,Atenk Ltd,15 July 2020,Yerevan,https://staff.am/en/mexanik-36
197,Technologist ,Atenk Ltd,08 July 2020,Yerevan,https://staff.am/en/technologist-8
198,Mid Level Java Developer,AOByte,24 July 2020,Yerevan,https://staff.am/en/mid-level-java-developer-24
199,Seroond Schools Assistant Instructional Designer,Teach For Armenia,08 July 2020,Ijevan,https://staff.am/en/seroond-schools-assistant-instructional-designer
200,Senior Customer Support Representative,DISQO,23 July 2020,Yerevan,https://staff.am/en/senior-customer-support-representative
201,Senior Java Engineer,DISQO,23 July 2020,Yerevan,https://staff.am/en/senior-java-engineer-6
202,Survey Programmer,DISQO,23 July 2020,Yerevan,https://staff.am/en/survey-programmer
203,Junior Full Stack Web Engineer (m/f/d) Remote Management,TeamViewer Armenia,23 July 2020,Yerevan,https://staff.am/en/junior-full-stack-web-engineer-mfd-remote-management-1
204,Խնդրահարույց ակտիվների հետ աշխատանքի ստորաբաժանման աշխատակից,ԿՐԵԴՈ ՖԻՆԱՆՍ ՈՒՎԿ ՓԲԸ,23 July 2020,Yerevan,https://staff.am/en/xndraharuyc-aktivneri-het-asxatanki-storabazanman-asxatakic
205,(Senior) Software Engineer (m/f/d) with focus on Security,TeamViewer Armenia,23 July 2020,Yerevan,https://staff.am/en/senior-software-engineer-mfd-with-focus-on-security-9
206,Վաճառքի մասնագետ,Autofan,23 July 2020,Yerevan,https://staff.am/en/vacarki-masnaget-48
207,Full Stack Web Developer,WIC WorldCom International ,23 July 2020,Yerevan,https://staff.am/en/full-stack-web-developer-92
208,IT Project Manager (Programmer),Partner Company,23 July 2020,Yerevan,https://staff.am/en/it-project-manager-83
209,Accountant,Epiroc Armenia LLC,01 July 2020,Yerevan,https://staff.am/en/accountant-461
210,Technical Content Developer,National Instruments AM LLC,23 July 2020,Yerevan,https://staff.am/en/content-developer-4
211,Marketing Specialist,Synergy International Systems,23 July 2020,Yerevan,https://staff.am/en/marketing-specialist-215
212,Senior .NET Developer,BlueNet,23 July 2020,Yerevan,https://staff.am/en/senior-net-developer-159
213,Head of Marketing Department,ԶՈԼՈՏՈԵ ՊՈԼԵ ՍՊԸ,23 July 2020,Yerevan,https://staff.am/en/head-of-marketing-department-21
214,Web Backend Developer,Codics Software Producers,14 July 2020,Yerevan,https://staff.am/en/web-backend-developer-14
215,Web Frontend Developer,Codics Software Producers,14 July 2020,Yerevan,https://staff.am/en/web-frontend-developer-11
216,Լոգիստ-մենեջեր,Ֆասթ ՍՊԸ,23 July 2020,Yerevan,https://staff.am/en/logist-menejer-37
217,Supply specialist,Greenhouse Engineering LLC,23 July 2020,Yerevan,https://staff.am/en/supply-specialist-3
218,Graphic Designer,SoftConstruct,23 July 2020,Yerevan,https://staff.am/en/illustrator-30
219,Payments Expert,DataArt Armenia,23 July 2020,Yerevan,https://staff.am/en/payments-expert
220,Customer Support Specialist - English language,TT soft,23 July 2020,Yerevan,https://staff.am/en/customer-support-specialist-english-language-1
221,Debt Collection Specialist,Գուդկրեդիտ ՈւՎԿ ՓԲԸ,23 July 2020,Yerevan,https://staff.am/en/debt-collection-specialist-12
222,Info Consultant,Evocabank,13 July 2020,Vanadzor,https://staff.am/en/info-consultant-3
223,Relationship Manager,Exinity Group,23 July 2020,Yerevan,https://staff.am/en/relationship-manager-5
224,Head of Customer Service / Armenia,Exinity Group,23 July 2020,Yerevan,https://staff.am/en/head-of-customer-service-armenia
225,IT Security Engineer,SoftConstruct,22 July 2020,Yerevan,https://staff.am/en/it-security-engineer-6
226,Talent Acquisition Specialist,Evolution Gaming,05 July 2020,Yerevan,https://staff.am/en/talent-acquisition-specialist-16
227,SME Business Product Planning and Management Team Specialist,ACBA-CREDIT AGRICOLE BANK CJSC,23 July 2020,Yerevan,https://staff.am/en/sme-business-product-planning-and-management-team-specialist
228,Information security compliance officer,Digitain ,23 July 2020,Yerevan,https://staff.am/en/information-security-compliance-officer-1
229,Information security officer,Digitain ,23 July 2020,Yerevan,https://staff.am/en/information-security-officer-15
230,iOS developer,Telcell CJSC,20 July 2020,Yerevan,https://staff.am/en/ios-developer-226
231,Android developer,Telcell CJSC,20 July 2020,Yerevan,https://staff.am/en/android-developer-246
232,UI/UX Designer,MentorcliQ,22 July 2020,Yerevan,https://staff.am/en/uiux-designer-368
233,QA Engineer,IndexBoard,22 July 2020,Yerevan,https://staff.am/en/qa-engineer-503
234,Sales manager,Telecom,22 July 2020,Yerevan,https://staff.am/en/sales-manager-408
235,QA Engineer,Digitain ,06 July 2020,Yerevan,https://staff.am/en/qa-engineer-500
236,Քիմիկ,Սերտիֆիկացման միջազգային կենտրոն ՍՊԸ,22 July 2020,Yerevan,https://staff.am/en/kimik
237,Security and fire systems specialist,Locator CJSC,22 July 2020,Yerevan,https://staff.am/en/security-and-fire-systems-specialist-1
238,Internal monitoring specialist,Easy Pay LLC,22 July 2020,Yerevan,https://staff.am/en/internal-monitoring-specialist
239,Project Manager,Codics Software Producers,10 July 2020,Yerevan,https://staff.am/en/project-manager-262
240,Full Stack .Net Developer,Margasoft Corp,22 July 2020,Yerevan,https://staff.am/en/full-stack-net-developer-20
241,Quality Assurance and Testing Specialist,ID Bank CJSC,12 July 2020,Yerevan,https://staff.am/en/quality-assurance-and-testing-specialist
242,Internal Audit Specialist,SoftConstruct,06 July 2020,Yerevan,https://staff.am/en/internal-audit-specialist-34
243,Senior Sitecore Developer,DataArt Armenia,22 July 2020,Yerevan,https://staff.am/en/senior-sitecore-developer
244,"Embedded Software Engineer, Communications Services",DataArt Armenia,22 July 2020,Yerevan,https://staff.am/en/embedded-software-engineer-communications-services
245,Senior Programmer,ACRA CREDIT REPORTING CJSC,06 July 2020,Yerevan,https://staff.am/en/senior-programmer-2
246,Senior PHP Software Engineer,MentorcliQ,22 July 2020,Yerevan,https://staff.am/en/senior-php-software-engineer-4
247,QA Engineer,ACRA CREDIT REPORTING CJSC,06 July 2020,Yerevan,https://staff.am/en/qa-engineer-499
248,Պրեսելլեր,Derjava,22 July 2020,Yerevan,https://staff.am/en/preseller-67
249,Data Engineer,Webb Fontaine Holding LLC,22 July 2020,Yerevan,https://staff.am/en/data-engineer-51
250,Senior QA engineer,RedKiteLLC,22 July 2020,Yerevan,https://staff.am/en/senior-qa-engineer-160
251,Հարկային հաշվառման խմբի ղեկավար,Veolia Armenia,20 July 2020,Yerevan,https://staff.am/en/harkayin-hasvarman-xmbi-gekavar
252,Intern,Vardanyan & Partners,22 July 2020,Yerevan,https://staff.am/en/intern-28
253,Online Sales & Delivery Specialist,LEVI'S,10 July 2020,Yerevan,https://staff.am/en/online-sales-delivery-specialist
254,Content Writer / Project Writer - Internship - NATIVE LEVEL ENGLISH ,Willing & Able Operations LLC,20 July 2020,Yerevan,https://staff.am/en/content-writer-project-writer-internship-native-level-english-34
255,INTERNSHIP 6 Month: Graphic Designer,Willing & Able Operations LLC,20 July 2020,Yerevan,https://staff.am/en/internship-6-month-graphic-designer-12
256,INTERNSHIP 6 Month: UI/UX Designer,Willing & Able Operations LLC,20 July 2020,Yerevan,https://staff.am/en/internship-6-month-uiux-designer-24
257,NATIVE SPEAKER German Content Writer / German Desk - Internship,Willing & Able Operations LLC,20 July 2020,Yerevan,https://staff.am/en/native-speaker-german-content-writer-german-desk-internship-16
258,WordPress Developer (ENGLISH IS WORKING LANGUAGE),Willing & Able Operations LLC,20 July 2020,Yerevan,https://staff.am/en/wordpress-developer-english-is-working-language-31
259,NATIVE SPEAKER GERMAN Office Employee / Academical Writer,Willing & Able Operations LLC,20 July 2020,Yerevan,https://staff.am/en/native-speaker-german-office-employee-academical-writer-16
260,Content Writer / Project Writer - Internship - NATIVE LEVEL ENGLISH ,Willing & Able Operations LLC,20 July 2020,Yerevan,https://staff.am/en/content-writer-project-writer-internship-native-level-english-31
261,WordPress Plugin Developer,Willing & Able Operations LLC,20 July 2020,Yerevan,https://staff.am/en/wordpress-plugin-developer-78
262,Back-end Developer Internship (6 month),Willing & Able Operations LLC,20 July 2020,Yerevan,https://staff.am/en/back-end-developer-internship-3-6-month-58
263,Experienced Trainer for Intensive Social Media Marketing (SMM) Course / Training,Willing & Able Operations LLC,20 July 2020,Yerevan,https://staff.am/en/experienced-trainer-for-intensive-social-media-marketing-smm-course-training-16
264,Experienced Trainer for UX Design and Web Application Design (Training for Staff),Willing & Able Operations LLC,20 July 2020,Yerevan,https://staff.am/en/experienced-trainer-for-ux-design-and-web-application-design-training-for-staff-12
265,Specialist 1C (8.3 program),ՇԻՆԱՐԱՐԱԿԱՆ ՍՊԸ,19 July 2020,Yerevan,https://staff.am/en/specialist-1c-83-program
266,Customer Service Specialist(night shift job),Commonwealth Casualty Company,19 July 2020,Yerevan,https://staff.am/en/customer-service-specialistnight-shift-job-3
267,Վարորդ,AREGAK UCO CJSC,03 July 2020,Ashotsk,https://staff.am/en/varord-39
268,Գրասենյակի օգնական,AREGAK UCO CJSC,03 July 2020,Ashotsk,https://staff.am/en/grasenyaki-ognakan-4
269,Հաշվետար,Մեհրաբյան և որդիներ ՍՊԸ,19 July 2020,Yerevan,https://staff.am/en/hasvetar-51
270,Human Resources Expert,International Development Group LLC,17 July 2020,Yerevan,https://staff.am/en/human-resources-expert
271,Graphic designer,IMEX GROUP,19 July 2020,Yerevan,https://staff.am/en/graphic-designer-365
272,Marketing Specialist,IMEX GROUP,19 July 2020,Yerevan,https://staff.am/en/marketing-specialist-214
273,Security worker,IMEX GROUP,19 July 2020,Yerevan,https://staff.am/en/security-worker-3
274,Senior Golang Developer,All.me LLC,15 July 2020,Yerevan,https://staff.am/en/senior-golang-developer-7
275,"Designer, packaging construction, sample maker",TIARA LLC,19 July 2020,Yerevan,https://staff.am/en/designer-packaging-construction-sample-maker-1
276,UI/UX Designer,Routetitan,19 July 2020,Yerevan,https://staff.am/en/uiux-designer-392
277,Sponsorship Assistant,World Vision Armenia,03 July 2020,Aparan,https://staff.am/en/sponsorship-assistant-7
278,Project Manager,WEBIHUB,19 July 2020,Yerevan,https://staff.am/en/project-manager-259
279,Java Engineer (Game),Rockbite Games,19 July 2020,Yerevan,https://staff.am/en/java-engineer-game-4
280,Հաշվապահ-հաշվետար,Հայաստանում ֆրանսիական համալսարան/ French University in Armenia (UFAR),02 July 2020,Yerevan,https://staff.am/en/hasvapah-hasvetar-8
281,Մարքեթինգի բաժնի պատասխանատու,ASEDL LLC,19 July 2020,Yerevan,https://staff.am/en/marketingi-bazni-patasxanatu-6
282,Senior QA Automation Engineer,Polixis,19 July 2020,Yerevan,https://staff.am/en/senior-qa-automation-engineer-14
283,PHP / Laravel developer,X-TECH Creative Studio,19 July 2020,Yerevan,https://staff.am/en/php-laravel-developer-36
284,Junior Database Administrator,ACBA-CREDIT AGRICOLE BANK CJSC,19 July 2020,Yerevan,https://staff.am/en/junior-database-administrator-6
285,Android developer,All.me LLC,02 July 2020,Yerevan,https://staff.am/en/android-developer-243
286,Mid React.js developer,Cypress,19 July 2020,Yerevan,https://staff.am/en/mid-reactjs-developer-7
287,Web & Graphic Designer,ONEX LLC,19 July 2020,Yerevan,https://staff.am/en/web-graphic-designer
288,Senior Android Developer (m/f/d) Pilot,TeamViewer Armenia,19 July 2020,Yerevan,https://staff.am/en/senior-android-developer-mfd-pilot-12
289,Senior C++ Engineer (m/f/d) IoT,TeamViewer Armenia,19 July 2020,Yerevan,https://staff.am/en/senior-c-engineer-mfd-iot-9
290,German teacher,Հայաստանում Եվրոպական Վարժարան հիմնադրամ,18 July 2020,Yerevan,https://staff.am/en/german-teacher
291,Учитель русского языка,Հայաստանում Եվրոպական Վարժարան հիմնադրամ,18 July 2020,Yerevan,https://staff.am/en/ucitel-russkogo-azyka-3
292,Business Process Specialist,Digitain ,18 July 2020,Yerevan,https://staff.am/en/business-process-specialist-15
293,Financial Internal Auditor,Digitain ,18 July 2020,Yerevan,https://staff.am/en/financial-internal-auditor-15
294,Հաշվետար,EmexAuto,18 July 2020,Yerevan,https://staff.am/en/hasvetar-48
295,Պայմանագրային բաժնի մասնագետ,«Արմենիան Լիզինգ Քամփնի» ՈՒՎԿ ՓԲԸ,17 July 2020,Yerevan,https://staff.am/en/paymanagrayin-bazni-masnaget
296,Full stack web developer,SmartSoft LLC,18 July 2020,Yerevan,https://staff.am/en/full-stack-web-developer-89
297,Senior iOS/MacOS Developer (m/f/d) Pilot,TeamViewer Armenia,18 July 2020,Yerevan,https://staff.am/en/senior-iosmacos-developer-mfd-pilot-3
298,Senior .Net Developer,Fast Shift LLC,18 July 2020,Yerevan,https://staff.am/en/senior-net-developer-152
299,Junior Business Process Specialist,SoftConstruct,02 July 2020,Yerevan,https://staff.am/en/junior-business-process-manager
300,IT Business Analyst ,Webb Fontaine Holding LLC,18  July 2020,Yerevan,https://staff.am/en/it-business-analyst-39
301,Customer care,SHIPEX,18 July 2020,Yerevan,https://staff.am/en/customer-care-5
302,Senior Go Developer (Backend),ООО ГК В приоритете,18 July 2020,Yerevan,https://staff.am/en/backend-razrabotcik-5
303,Support Specialist,Margasoft Corp,18 July 2020,Yerevan,https://staff.am/en/support-specialist-10
304,German Speaking Sales Representative,Envirotech,18 July 2020,Yerevan,https://staff.am/en/german-speaking-sales-representative-1
305,Software Engineer,Vehere,18 July 2020,Yerevan,https://staff.am/en/software-engineer-65
306,Marketing Manager,Synergy International Systems,18 July 2020,Yerevan,https://staff.am/en/marketing-manager-134
307,Financial Analyst,The LOFT,18 July 2020,Yerevan,https://staff.am/en/financial-analyst-68
308,Front-End developer,WEBIHUB,15 July 2020,Yerevan,https://staff.am/en/senior-htmlcss-developer-1
309,Mid C++ Developer ,Softhenge,18 July 2020,Yerevan,https://staff.am/en/mid-c-developer
310,Wine loving servers,In Vino,18 July 2020,Yerevan,https://staff.am/en/wine-loving-servers-7
311,.Net software developer,Canar,18 July 2020,Yerevan,https://staff.am/en/net-software-developer-12
312,Marketing Manager,ABC Pharmacia,18 July 2020,Yerevan,https://staff.am/en/marketing-manager-133
313,Product Manager,Seven Smarts LLC,18 July 2020,Yerevan,https://staff.am/en/product-manager-152
314,Medical Representative,ABC Pharmacia,18 July 2020,Yerevan,https://staff.am/en/medical-representative-36
315,Commercial director,Atenk Ltd,12 July 2020,Yerevan,https://staff.am/en/commercial-director-22
316,Group Financial Reporting Specialist,SoftConstruct,06 July 2020,Yerevan,https://staff.am/en/group-financial-reporting-specialist-10
317,Financial Risks Specialist,Digitain ,17 July 2020,Yerevan,https://staff.am/en/financial-risks-specialist-12
318,Marketing Manager (Sweden),SoftConstruct,01 July 2020,Yerevan,https://staff.am/en/marketing-manager-130
319,Partner Support Specialist,Digitain ,17 July 2020,Yerevan,https://staff.am/en/partner-support-specialist-1
320,Turkish Speaking Partner Service Specialist,Digitain ,17 July 2020,Yerevan,https://staff.am/en/turkish-speaking-partner-service-specialist-2
321,IT Project Manager ,ՋՈՅՆԹՈՒՀԱՅՐ ,17 July 2020,Yerevan,https://staff.am/en/it-project-manager-80
322,iOS developer,Varmtech,17 July 2020,Yerevan,https://staff.am/en/ios-developer-223
323,"JavaScript, MERN Stack Developer",Varmtech,17 July 2020,Yerevan,https://staff.am/en/javascript-mern-stack-developer-1
324,Finance Assistant,Holiday Inn Express Yerevan,17 July 2020,Yerevan,https://staff.am/en/finance-assistant-7
325,Back Office Specialist,ACBA-CREDIT AGRICOLE BANK CJSC,17 July 2020,Yerevan,https://staff.am/en/back-office-specialist-27
326,Senior Graphic Designer,Digitain ,17 July 2020,Yerevan,https://staff.am/en/senior-graphic-designer-31
327,Ֆայլ պատրաստող մասնագետ,GAT Cutting LLC,17 July 2020,Yerevan,https://staff.am/en/fayl-patrastog-masnaget
328,Accounting Manager ,Գրանթ Թորնթոն ՓԲԸ,06 July 2020,Yerevan,https://staff.am/en/accounting-manager-6
329,Corporate Affairs and PR Manager ,Dexatel ,17 July 2020,Yerevan,https://staff.am/en/corporate-affairs-and-pr-manager
330,Senior Angular Developer,HackTech LLC,17 July 2020,Yerevan,https://staff.am/en/senior-angular-developer-7
331,Logistics Operator,Aras Food LLC,13 July 2020,Yerevan,https://staff.am/en/logistics-operator-6
332,Լawyer,SmartCredit UCO LLC,17 July 2020,Yerevan,https://staff.am/en/lawyer-79
333,Junior CRM Specialist,Digitain ,17 July 2020,Yerevan,https://staff.am/en/junior-crm-specialist
334,Front-end Deleloper,Aratours Travel Services LLC,16 July 2020,Yerevan,https://staff.am/en/web-designer-71
335,Sales Manager,ERC Distribution Georgia,16 July 2020,Yerevan,https://staff.am/en/sales-manager-404
336,Sales Consultant,Consel LLC,16 July 2020,Yerevan,https://staff.am/en/sales-consultant-274
337,Android Developer,Soft Vision LLC,16 July 2020,Yerevan,https://staff.am/en/android-developer-240
338,Բժշկասոցիալական փորձաքննության գրասենյակի բժշկասոցիալական փորձաքննական բաժինների բժիշկ-փորձագետ ,ՀՀ աշխատանքի և սոցիալական հարցերի նախարարություն,31 July 2020,Yerevan,https://staff.am/en/bzskasocialakan-porjaknnutyan-grasenyaki-bzskasocialakan-porjaknnakan-bazinneri-bzisk-porjaget-2
339,Backend Developer,Exsol LLC,16 July 2020,Yerevan,https://staff.am/en/backend-developer-31
340,Front-end Developer,Exsol LLC,16 July 2020,Yerevan,https://staff.am/en/front-end-developer-358
341,Product Owner,Synergy International Systems,16 July 2020,Yerevan,https://staff.am/en/product-owner-136
342,PR & SALES Manager,Decart studio,16 July 2020,Yerevan,https://staff.am/en/pr-sales-manager-4
343,Platform Engineer ,DISQO,16 July 2020,Yerevan,https://staff.am/en/platform-engineer-wgolang-2
344,"Engineering Manager, Mobile",DISQO,16 July 2020,Yerevan,https://staff.am/en/engineering-manager-mobile-6
345,Senior Full Stack Java Web Developer,Polixis,16 July 2020,Yerevan,https://staff.am/en/full-stack-java-developer
346,Հասարակայնության հետ կապերի մասնագետ,EcoVille LLC,05 July 2020,Yerevan,https://staff.am/en/hasarakaynutyan-het-kaperi-masnaget
347,Full-Stack Developer ,ՋՈՅՆԹՈՒՀԱՅՐ ,16 July 2020,Yerevan,https://staff.am/en/full-stack-developer-117
348,Նախագծային բաժնի ղեկավար,«Վաելկոն» ՍՊԸ,16 July 2020,Yerevan,https://staff.am/en/naxagcayin-bazni-gekavar-2
349,"Ջերմագազամատակարարման և օդափոխության (HVAC) ճարտարագետ, նախագծող",«Վաելկոն» ՍՊԸ,16 July 2020,Yerevan,https://staff.am/en/jermagazamatakararman-ev-odapoxutyan-hvac-cartaraget-naxagcog
350,Unity 3D Team Lead,Digitain ,16 July 2020,Yerevan,https://staff.am/en/unity-3d-team-lead-1
351,Projects Implementation Manager,Digitain ,12 July 2020,Yerevan,https://staff.am/en/projects-implementation-manager-6
352,B2B Account Manager,Digitain ,12 July 2020,Yerevan,https://staff.am/en/b2b-account-manager
353,Full Stack Web/WordPress Developer,NOORLOGIC LLC,15 July 2020,Yerevan,https://staff.am/en/full-stack-web-developer-86
354,IT Technical Support Specialist,Digitain ,15 July 2020,Yerevan,https://staff.am/en/it-technical-support-specialist-22
355,Technical Writer,SoftConstruct,15 July 2020,Yerevan,https://staff.am/en/technical-content-writer-3
356,Production manager,ASEDL LLC,15 July 2020,Yerevan,https://staff.am/en/production-manager-16
357,Senior Customer Care Specialist,Krisp,15 July 2020,Yerevan,https://staff.am/en/senior-customer-care-specialist-37
358,Sales Executive ,Synergy International Systems,15 July 2020,Yerevan,https://staff.am/en/sales-executive-11
359,Back-end Developer,Cypress,12 July 2020,Yerevan,https://staff.am/en/senior-nodejs-developer-60
360,Illustrator,Renderforest,15 July 2020,Yerevan,https://staff.am/en/illustrator-27
361,Chief Operating Officer,Armenian Code Academy ,15 July 2020,Yerevan,https://staff.am/en/chief-operating-officer-6
362, Kubernetes/Spring Engineer,Rockbite Games,01 July 2020,Yerevan,https://staff.am/en/kubernetesspring-engineer
363, Technical Support Specialist,BlueNet,15 July 2020,Yerevan,https://staff.am/en/technical-support-specialist-108
364,Project Coordinator,Armenian Code Academy ,15 July 2020,Yerevan,https://staff.am/en/project-coordinator-36
365,Junior Digital Marketing Specialist,eworld,15 July 2020,Yerevan,https://staff.am/en/junior-digital-marketing-specialist-4
366,Senior Software Tester ,Macadamian AR,15 July 2020,Yerevan,https://staff.am/en/senior-software-tester-1
367,Senior Software Developer,Macadamian AR,15 July 2020,Yerevan,https://staff.am/en/senior-software-developer-24
368,Media Planning Specialist,Digitain ,01 July 2020,Yerevan,https://staff.am/en/media-planning-specialist-5
369,Mid/Senior PHP Developer,WeemTech,15 July 2020,Yerevan,https://staff.am/en/midsenior-php-developer
370,Վաճառքի տնօրեն,Flash,15 July 2020,Yerevan,https://staff.am/en/vacarki-tnoren-4
371,1C System Developer,IMEX GROUP,15 July 2020,Yerevan,https://staff.am/en/1c-system-developer-3
372,Տարածքային վաճառքի մենեջեր,360° ՇԻՆԲԱԶԱ,15 July 2020,Yerevan,https://staff.am/en/tarackayin-vacarki-menejer-1
373,Kotlin Software Engineer,Essential,15 July 2020,Yerevan,https://staff.am/en/senior-java-software-engineer-67
374,Շինարարության և գույքային ապահովման կազմակերպման պատասխանատու ,Digitain ,15 July 2020,Yerevan,https://staff.am/en/sinararutyan-ev-guykayin-apahovman-kazmakerpman-patasxanatu
375,Senior .NET Developer,VOLO,12 July 2020,Yerevan,https://staff.am/en/senior-net-developer-149
376,Web developer,IMEX GROUP,15 July 2020,Yerevan,https://staff.am/en/web-developer-104
377,Digital Marketing Specialist ,WIC WorldCom International ,14 July 2020,Yerevan,https://staff.am/en/digital-marketing-specialist-210
378,User Acquisition Manager,Zoomerang,14 July 2020,Yerevan,https://staff.am/en/user-acquisition-manager
379,Digital Marketing Specialist,Zoomerang,14 July 2020,Yerevan,https://staff.am/en/digital-marketing-specialist-207
380,SMM specialist,Zoomerang,14 July 2020,Yerevan,https://staff.am/en/smm-specialist-327
381,Senior Front-End Engineer,Ultralabs AM,13 July 2020,Yerevan,https://staff.am/en/senior-front-end-engineer-15
382,Lead Software Engineer,Ultralabs AM,13 July 2020,Yerevan,https://staff.am/en/lead-software-engineer-7
383,Customer Retention Manager,Adjarabet.am,15 July 2020,Yerevan,https://staff.am/en/casino-crm-9
384, Team Manager (m/f/d) Remote Management,TeamViewer Armenia,13 July 2020,Yerevan,https://staff.am/en/team-manager-mfd-remote-management
385,Full stack developer (Laravel+Vue.JS),Algorithm Solutions LLC,12 July 2020,Yerevan,https://staff.am/en/full-stack-developer-laravelvuejs
386,Chief Accountant,՞Հիմա՞ ՈՒՎԿ ՍՊԸ,01 July 2020,Yerevan,https://staff.am/en/chief-accountant-81
387,Technical Designer,Digitain ,12 July 2020,Yerevan,https://staff.am/en/technical-designer-10
388,Head of transport department,IMEX GROUP,12 July 2020,Yerevan,https://staff.am/en/head-of-transport-department-1
389,Ընդունարանի աշխատակից,Medline Clinic LLC,12 July 2020,Yerevan,https://staff.am/en/ndunarani-asxatakic-8
390,CFO ,Haypost CJSC,12 July 2020,Yerevan,https://staff.am/en/cfo-7
391,Customer Care Manager,Haypost CJSC,12 July 2020,Yerevan,https://staff.am/en/customer-care-manager-2
392,Ֆինանսական վերլուծաբան,Yerevan Chocolate Company CJSC,12 July 2020,Yerevan,https://staff.am/en/finansakan-verlucaban-25
393,Technical Support Engineer ,National Instruments AM LLC,12 July 2020,Yerevan,https://staff.am/en/technical-support-engineer-40
394,Հաշվապահ,Անդակո ՍՊԸ,12 July 2020,Yerevan,https://staff.am/en/hasvapah-229
395,Senior IT Monitoring Specialist,Digitain ,12 July 2020,Yerevan,https://staff.am/en/senior-it-monitoring-specialist-21
396,Senior DevOps Engineer ,Digitain ,12 July 2020,Yerevan,https://staff.am/en/senior-devops-engineer-37
397,Front End Developer (Mobile) ,Telcell CJSC,12 July 2020,Yerevan,https://staff.am/en/front-end-developer-mobile
398,.Net Developer,RedKiteLLC,12  July 2020,Yerevan,https://staff.am/en/net-developer-142
399,Front End Developer (ATM Terminals),Telcell CJSC,12 July 2020,Yerevan,https://staff.am/en/front-end-developer-atm-terminals
400,Building Permit Technician,California Permits ,11 July 2020,Yerevan,https://staff.am/en/building-permit-technician-2
401,Marketing Specialist,California Permits ,11 July 2020,Los Angeles,https://staff.am/en/marketing-specialist-211
402,Sales Agent,Reload Freight,11 July 2020,Yerevan,https://staff.am/en/sales-agent-18
403,Client Success Representative,MoveCo Solutions Inc,11 July 2020,Yerevan,https://staff.am/en/client-success-representative-4
404,Միջազգային բեռնափոխադրումների մենեջեր,Fairyland Group,11 July 2020,Yerevan,https://staff.am/en/mijazgayin-bernapoxadrumneri-menejer-1
405,SMM Specialist,Haypost CJSC,11 July 2020,Yerevan,https://staff.am/en/smm-specialist-325
406,UI/UX designer ,Fast Shift LLC,11 July 2020,Yerevan,https://staff.am/en/uiux-designer-386
407,Senior Database Administrator,Ucom CJSC,11 July 2020,Yerevan,https://staff.am/en/senior-database-administrator-6
408,Full Stack Developer,ModelManagement,11 July 2020,Yerevan,https://staff.am/en/full-stack-developer-114
409,Իրավաբան,Digitain ,11 July 2020,Yerevan,https://staff.am/en/iravaban-71
410,Import Specialist,Մեգա Ֆուդ ՍՊԸ,11 July 2020,Yerevan,https://staff.am/en/import-specialist-28
411,Product Development Manager,Digitain ,11 July 2020,Yerevan,https://staff.am/en/product-development-manager
412,Cashier,Black Star Burger Armenia,11 July 2020,Yerevan,https://staff.am/en/chief-head-cook
413,Հաշվապահ,Digitain ,01 July 2020,Yerevan,https://staff.am/en/hasvapah-227
414,Վաճառող խորհրդատու,360° ՇԻՆԲԱԶԱ,11 July 2020,Yerevan,https://staff.am/en/vacarog-xorhrdatu-68
415,Գանձապահ,360° ՇԻՆԲԱԶԱ,11 July 2020,Yerevan,https://staff.am/en/ganjapah-36
416,Business Development Manager,WIC WorldCom International ,10 July 2020,Yerevan,https://staff.am/en/business-development-manager-41
417,Narrative Designer / Screenwriter,Playrix AM,10 July 2020,Yerevan,https://staff.am/en/narrative-designer-screenwriter
418,3D Generalist,Digitain ,10 July 2020,Yerevan,https://staff.am/en/3d-generalist
419,Game Designer / Level Designer ,Playrix AM,10 July 2020,Yerevan,https://staff.am/en/game-designer-level-designer
420,Customer Support Specialist,WIC WorldCom International ,10 July 2020,Yerevan,https://staff.am/en/customer-support-specialist-88
421,Գանձապահ` «Վանաձոր» մասնաճյուղում,Fast Credit Capital UCO CJSC,10 July 2020,Vanadzor,https://staff.am/en/ganjapah-vanajor-masnacyugum-1
422,Angular Developer,Viveo Health,10 July 2020,Yerevan,https://staff.am/en/angular-developer-49
423,Cook for Middle eastern cuisine,Partner Company,10 July 2020,Yerevan,https://staff.am/en/cook-for-middle-eastern-cuisine
424,Cook for Italian cuisine,Partner Company,10 July 2020,Yerevan,https://staff.am/en/cook-for-italian-cuisine
425,Chef For Food Delivery Service,Partner Company,10 July 2020,Yerevan,https://staff.am/en/chef-for-food-delivery-service
426,Junior Accountant,Triple Consulting,10 July 2020,Yerevan,https://staff.am/en/junior-accountant-14
427,"Senior Software Engineer, Front-End",MentorcliQ,10 July 2020,Yerevan,https://staff.am/en/senior-software-engineer-front-end-4
428,SENIOR SOFTWARE DEVELOPER PHP / MYSQL (M/F/D),Powerdata,10 July 2020,Yerevan,https://staff.am/en/senior-software-developer-php-mysql-mfd-1
429,(SENIOR) DATA/DATABASE ARCHITECT (M/F/D),Powerdata,10 July 2020,Yerevan,https://staff.am/en/senior-datadatabase-architect-mfd-9
430,(SENIOR) DEVOPS ENGINEER (M/F/D),Powerdata,10 July 2020,Yerevan,https://staff.am/en/senior-devops-engineer-mfd-1
431,(SENIOR) SOFTWARE/AWS ARCHITECT (M/F/D),Powerdata,10 July 2020,Yerevan,https://staff.am/en/senior-softwareaws-architect-mfd-1
432,Software Developer,UNICOMP CJSC,10 July 2020,Yerevan,https://staff.am/en/software-developer-74
433,Logistics-cordinator,Assets CJSC,10 July 2020,Yerevan,https://staff.am/en/logistics-cordinator-1
434,Import specialist,Atenk Ltd,14 July 2020,Yerevan,https://staff.am/en/import-specialist-27
435, Linux/Unix Administrator,Ucom CJSC,10 July 2020,Yerevan,https://staff.am/en/linuxunix-administrator-1
436, Fraud and revenue assurance analyst,Ucom CJSC,10 July 2020,Yerevan,https://staff.am/en/fraud-and-revenue-assurance-analyst-12
437,Technical Program Manager ,Workfront Armenia,10 July 2020,Yerevan,https://staff.am/en/technical-program-manager-4
438,Audit Intern,Ernst and Young CJSC (EY),09 July 2020,Yerevan,https://staff.am/en/audit-intern
439,Associate Product Owner,Synergy International Systems,09 July 2020,Yerevan,https://staff.am/en/associate-product-owner-1
440,Head of Technical (Monitoring) Support Team,Telcell CJSC,09 July 2020,Yerevan,https://staff.am/en/head-of-technical-support-team-4
441,Logistics Coordinator ,ArcaTrans,08 July 2020,Yerevan,https://staff.am/en/logistics-coordinator-5
442,Վերստուգող,ԿՐԵԴՈ ՖԻՆԱՆՍ ՈՒՎԿ ՓԲԸ,09 July 2020,Yerevan,https://staff.am/en/verstugog-3
443,Live Trader,Digitain ,09 July 2020,Yerevan,https://staff.am/en/live-trader
444, Billing systems support specialist,VEON Armenia CJSC,09 July 2020,Yerevan,https://staff.am/en/billing-systems-support-specialist
445,Հաշվապահ,Liqvor CJSC,09 July 2020,Yerevan,https://staff.am/en/accountant-448
446,Innovation Strategist,FAST,09 July 2020,Yerevan,https://staff.am/en/innovation-strategist
447,Research Analyst,FAST,09 July 2020,Yerevan,https://staff.am/en/research-analyst-12
448,Sales manager,Garage Masters' Mall,09 July 2020,Yerevan,https://staff.am/en/sales-manager-398
449,Experienced .NET Developer,VOLO,03 July 2020,Yerevan,https://staff.am/en/experienced-net-developer-10
450,Business Risk Services Consultant / IT Auditor,Գրանթ Թորնթոն ՓԲԸ,09 July 2020,Yerevan,https://staff.am/en/business-risk-services-consultant-it-auditor
451,PHP Developer ,ՋՈՅՆԹՈՒՀԱՅՐ ,09 July 2020,Yerevan,https://staff.am/en/php-developer-199
452,DevOps Engineer,TIDEPOOL LABS,09 July 2020,Yerevan,https://staff.am/en/devops-engineer-240
453,Հաճախորդների սպասարկան մասնագետ,Էվրի Դեյ ՓԲԸ,09 July 2020,Yerevan,https://staff.am/en/hacaxordneri-spasarkan-masnaget
454,Customer Support Specialist,Digitain ,09 July 2020,Yerevan,https://staff.am/en/customer-support-specialist-85
455,Senior QA Engineer,Inecobank CJCS,08 July 2020,Yerevan,https://staff.am/en/senior-qa-engineer-143
456,Merchandiser,ԿՈՒԲ ԳՐՈՒՊ ՍՊԸ,09 July 2020,Yerevan,https://staff.am/en/merchandiser-28
457,IT Business Manager,Web Projects,08 July 2020,Yerevan,https://staff.am/en/it-business-manager-10
458,Senior UI/UX Designer - UCRAFT,SoftConstruct,08 July 2020,Yerevan,https://staff.am/en/uiux-designer-ucraft-10
459,Store Manager,Swarovski Partner Store Yerevan,08 July 2020,Yerevan,https://staff.am/en/store-manager-31
460,Որակի կառավարման համակարգի մասնագետ,Սերտիֆիկացման միջազգային կենտրոն ՍՊԸ,08 July 2020,Yerevan,https://staff.am/en/oraki-karavarman-hamakargi-masnaget
461,Key Account Manager,BeSofted Group,08 July 2020,Yerevan,https://staff.am/en/key-account-manager-8
462,Engineer-Designer,Melinet,05 July 2020,Yerevan,https://staff.am/en/engineer-designer
463,UI Developer,Synergy International Systems,08 July 2020,Yerevan,https://staff.am/en/ui-developer-44
464,WordPress Developer,Web Projects,08 July 2020,Yerevan,https://staff.am/en/wordpress-developer-83
465,IT Project Manager,Brainstorm Technologies,08 July 2020,Yerevan,https://staff.am/en/it-project-manager-77
466,Senior React.js Developer - UCRAFT,SoftConstruct,08 July 2020,Yerevan,https://staff.am/en/senior-reactjs-developer-ucraft
467,Շինարարության պատասխանատու,ASEDL LLC,08 July 2020,Yerevan,https://staff.am/en/sinararutyan-patasxanatu-1
468,IT specialist,ASEDL LLC,08 July 2020,Yerevan,https://staff.am/en/it-specialist-48
469,Active sales specialist,HouseNet,08 July 2020,Armavir,https://staff.am/en/active-sales-specialist-23
470,English Speaking IT Support Specialist,Envirotech,07 July 2020,Yerevan,https://staff.am/en/english-speaking-it-support-specialist-1
471,Senior React Engineer,Pangea Cloud Solutions,07 July 2020,Yerevan,https://staff.am/en/senior-react-engineer-28
472,Հանրային ծառայությունների և ադմինիստրատիվ աշխատանքների համակարգող,Digitain ,06 July 2020,Yerevan,https://staff.am/en/hanrayin-carayutyunneri-ev-administrativ-asxatankneri-hamakargog
473,Marketing and communications manager,Out Of Office Design,06 July 2020,Yerevan,https://staff.am/en/marketing-and-communications-manager
474,Agile Project Manager ,Intelligent Digital Technologies,06 July 2020,Yerevan,https://staff.am/en/agile-project-manager-7
475,Լեռնային և շինարարական տեխնիկայի սպասարկման և վերանորոգման մասնագետի (մեխանիկ),«ԻԿՕ Մաշիների» ՍՊԸ,05 July 2020,Yerevan,https://staff.am/en/lernayin-ev-sinararakan-texnikayi-spasarkman-ev-veranorogman-masnageti-mexanik
476,Node.js Developer ,ՋՈՅՆԹՈՒՀԱՅՐ ,05 July 2020,Yerevan,https://staff.am/en/nodejs-developer-72
477,Civil Engineer/ AutoCAD Master ,AAB Construction,05 July 2020,Yerevan,https://staff.am/en/civil-engineer-autocad-master
478,SALES AND MARKETING ASSOCIATE,WineWorks,05 July 2020,Yerevan,https://staff.am/en/sales-and-marketing-associate
479,Android Developer,IYC technologies,05 July 2020,Yerevan,https://staff.am/en/android-developer-239
480,Head of digital marketing department,ALPHA FOOD SERVICE LLC,05 July 2020,Yerevan,https://staff.am/en/head-of-digital-marketing-department-4
481,Mid/Senior C# developer,Digitain ,01 July 2020,Yerevan,https://staff.am/en/midsenior-c-developer-37
482,Senior C# .Net/.Net Core Developer,Soft Vision LLC,05 July 2020,Yerevan,https://staff.am/en/senior-c-netnet-core-developer
483,Project Manager Assistant/Civil Engineer ,AAB Construction,05 July 2020,Yerevan,https://staff.am/en/project-manager-assistant-7
484,Senior UI/UX Designer,Webb Fontaine Holding LLC,05 July 2020,Yerevan,https://staff.am/en/senior-uiux-designer-45
485,Head of Excellence Center,Webb Fontaine Holding LLC,05 July 2020,Yerevan,https://staff.am/en/head-of-excellence-center
486,Վաճառքի օպերատոր,Մեգնա ՍՊԸ,05 July 2020,Yerevan,https://staff.am/en/vacarki-operator-3
487,HR specialst,Telecom,05 July 2020,Yerevan,https://staff.am/en/hr-specialst-1
488,Ավտոմատ համակարգերի շահագործման մասնագետ/ էլեկտրոնշիկ,Armenian Tobacco Company,05 July 2020,Abovyan,https://staff.am/en/avtomat-hamakargeri-sahagorcman-masnaget-elektronsik-6
489,Sales Manager,alvard vardanyan ltd,05 July 2020,Yerevan,https://staff.am/en/sales-manager-397
490,IOS Developer,Intelligent Digital Technologies,05 July 2020,Yerevan,https://staff.am/en/ios-developer-218
491,Spanish-Speaking Research Intern,Polixis,05 July 2020,Yerevan,https://staff.am/en/spanish-speaking-research-intern-1
492,QA Engineer,Easy Pay LLC,05 July 2020,Yerevan,https://staff.am/en/qa-engineer-490
493,Frontend Team Lead,DataOwl,05 July 2020,Yerevan,https://staff.am/en/frontend-team-lead
494,UI/UX DESIGNER,Concept Studio,05 July 2020,Yerevan,https://staff.am/en/uiux-designer-383
495,QA Engineer,DataOwl,05 July 2020,Yerevan,https://staff.am/en/qa-engineer-496
496,Senior PHP developer,RedKiteLLC,05 July 2020,Yerevan,https://staff.am/en/senior-php-developer-63
497,Русскоязычный специалист Call-центра,Telecom,05 July 2020,Yerevan,https://staff.am/en/russkoazycnyj-specialist-call-centra-1
498,Product Designer ,ServiceTitan,05 July 2020,Yerevan,https://staff.am/en/product-designer-23
499,HR management and documentation junior specialist,Ucom CJSC,05 July 2020,Yerevan,https://staff.am/en/hr-management-and-documentation-junior-specialist
500,DevOps Engineer/Team Lead,FLUX Technologies,05 July 2020,Yerevan,https://staff.am/en/devops-engineer-237
501,Կորպորատիվ վաճառքի մասնագետ,EcoVille LLC,05 July 2020,Yerevan,https://staff.am/en/korporativ-vacarki-masnaget
502,Senior JavaScript Developer,FLUX Technologies,05 July 2020,Yerevan,https://staff.am/en/senior-javascript-developer-52
503,Manager cashier,Sport Fit,04 July 2020,Yerevan,https://staff.am/en/manager-cashier-2
504,Graphic Designer,10Web,04 July 2020,Yerevan,https://staff.am/en/graphic-designer-360
505,Senior C++ Engineer (m/f/d) Tensor,TeamViewer Armenia,04 July 2020,Yerevan,https://staff.am/en/senior-c-engineer-mfd-tensor-12
506,C++ Engineer (m/f/d) Remote Management,TeamViewer Armenia,04 July 2020,Yerevan,https://staff.am/en/c-engineer-mfd-remote-management-10
507,Senior Full Stack Developer (m/f/d) Pilot,TeamViewer Armenia,04 July 2020,Yerevan,https://staff.am/en/senior-full-stack-developer-mfd-pilot-12
508,Senior C++ Developer (m/f/d) Pilot,TeamViewer Armenia,04 July 2020,Yerevan,https://staff.am/en/senior-c-developer-mfd-pilot-16
509,Senior Test Automation Engineer (m/f/d) IoT,TeamViewer Armenia,04 July 2020,Yerevan,https://staff.am/en/senior-test-automation-engineer-mfd-iot-9
510,Senior Software Engineer C++(m/f/d) Core,TeamViewer Armenia,04 July 2020,Yerevan,https://staff.am/en/senior-c-engineer-mfd-hayq-16
511,Վարորդ (ուղևորաբեռնատար մեքենայով),Ucom CJSC,04 July 2020,Yerevan,https://staff.am/en/driver-25
512,Կահույքագործ-բանվոր,Էդ-Սպո ՍՊԸ (beko),04 July 2020,Yerevan,https://staff.am/en/kahuykagorc-banvor
513,Business Development Executive,Earlyone,04 July 2020,Yerevan,https://staff.am/en/business-development-executive-16
514,Insight Analyst,National Instruments AM LLC,04 July 2020,Yerevan,https://staff.am/en/insight-analyst
515,Computer Vision Engineer,Imea Systems,04 July 2020,Yerevan,https://staff.am/en/computer-vision-enginee
516,Գործառնական ղեկավար,Garage Masters' Mall,04 July 2020,Yerevan,https://staff.am/en/gorcarnakan-gekavar
517,Senior Node.js Developer,Imea Systems,04 July 2020,Yerevan,https://staff.am/en/senior-nodejs-developer-57
518,Delivery Partner Project Manager,National Instruments AM LLC,04 July 2020,Yerevan,https://staff.am/en/delivery-partner-project-manager
519,Content manager,ALPHA FOOD SERVICE LLC,04 July 2020,Yerevan,https://staff.am/en/content-manager-34
520,Systems Engineer,National Instruments AM LLC,04 July 2020,Yerevan,https://staff.am/en/systems-engineer-28
521,Customer Support Advocate,ServiceTitan,04 July 2020,Yerevan,https://staff.am/en/customer-support-advocate-6
522,Motion Graphic Designer,SoftConstruct,04 July 2020,Yerevan,https://staff.am/en/motion-graphic-designer-7
523,UI/UX Designer,SoftConstruct,04 July 2020,Yerevan,https://staff.am/en/uiux-designer-380
524,Hardware Design Engineer,Heltun Solutions LLC,04 July 2020,Yerevan,https://staff.am/en/hardware-design-engineer-3
525,Ներքին դիտարկումների մասնագետ,Իդրամ ՍՊԸ,03 July 2020,Yerevan,https://staff.am/en/nerkin-ditarkumneri-masnaget
526,Mid iOS Developer,MagicDevs LTD,03 July 2020,Yerevan,https://staff.am/en/mid-ios-developer
527,Mid/Senior Android Developer,MagicDevs LTD,03 July 2020,Yerevan,https://staff.am/en/senior-android-developer-98
528,Product Owner,Digitain ,03 July 2020,Yerevan,https://staff.am/en/product-owner-133
529,UI/UX Designer ,Ucom CJSC,03 July 2020,Yerevan,https://staff.am/en/uiux-designer-374
530,Accountant,ՖինԹաքս Ըքաունթինգ,03 July 2020,Yerevan,https://staff.am/en/accountant-447
531,Data Specialist / QA Engineer,Krisp,03 July 2020,Yerevan,https://staff.am/en/data-specialist-qa-engineer-1
532,Senior C# Developer,CQGI MA,03 July 2020,Yerevan,https://staff.am/en/senior-c-developer-122
533,ՍՆՆԴԻ ՍՊԱՍԱՐԿՄԱՆ ՍՐԱՀԻ ՄԵՆԵՋԵՐ,Art Lunch,03 July 2020,Yerevan,https://staff.am/en/snndi-spasarkman-srahi-menejer
534,Senior .Net Developer,Intelligent Digital Technologies,03 July 2020,Yerevan,https://staff.am/en/senior-net-developer-146
535,Technical writer - Contract,ServiceTitan,03 July 2020,Yerevan,https://staff.am/en/technical-writer-74
536, IT Business Analyst ,Praemium RA LLC,02  July 2020,Yerevan,https://staff.am/en/it-business-analyst-36
537,QA Engineer,WEBIHUB,02 July 2020,Yerevan,https://staff.am/en/qa-engineer-493
538,Full-stack developer,Pragmatix,02 July 2020,Yerevan,https://staff.am/en/full-stack-developer-111
539,Full Stack JS Developer,SoftConstruct,02 July 2020,Yerevan,https://staff.am/en/full-stack-js-developer-36
540,PMO Specialist,FMD K&L EUROPE,02 July 2020,Yerevan,https://staff.am/en/project-management-specialist
541,Applications Engineer,National Instruments AM LLC,02 July 2020,Yerevan,https://staff.am/en/applications-engineer-6
542,Java Developer,Routetitan,02 July 2020,Yerevan,https://staff.am/en/java-dveveloper
543,Junior Laravel developer,HackTech LLC,02  July 2020,Yerevan,https://staff.am/en/junior-laravel-developer-6
544,Database Administrator,BIVAC Armenia CJSC,02 July 2020,Yerevan,https://staff.am/en/database-administrator-83
545,Junior accountant/Operator 1C,ՇԻՆԱՐԱՐԱԿԱՆ ՍՊԸ,01 July 2020,Yerevan,https://staff.am/en/junior-accountantoperator-1c-6
546,Service Manager,IMEX GROUP,01 July 2020,Yerevan,https://staff.am/en/service-manager-7
547,Tech Lead & Senior Software Engineer,Pangea Cloud Solutions,01 July 2020,Yerevan,https://staff.am/en/tech-lead-senior-software-engineer
548,English Speaking Sales/Support Representative,Envirotech,01 July 2020,Yerevan,https://staff.am/en/english-speaking-sales-representative-20
549,Manager,Pharmastar LLC,01 July 2020,Yerevan,https://staff.am/en/manager-39
550,Scrum master,Intelligent Digital Technologies,01 July 2020,Yerevan,https://staff.am/en/scrum-master-90
551,Business Development Executive,SFL,01 July 2020,Yerevan,https://staff.am/en/business-development-executive-10
552,Տնօրենի օգնական-գործավարուհի,Mikshin,01 July 2020,Yerevan,https://staff.am/en/tnoreni-ognakan-gorcavaruhi
553,Senior Software Engineer ,ServiceTitan,01 July 2020,Yerevan,https://staff.am/en/senior-software-engineer-optimization-algorithms-12
554,React Native developer,Locator CJSC,01 July 2020,Yerevan,https://staff.am/en/react-native-developer-62
555,"Engineering Manager, Java Microservices & Data",DISQO,03 July 2020,Yerevan,https://staff.am/en/engineering-manager-java-microservices-data-6
556,Senior Software Engineer,ServiceTitan,03 July 2020,Yerevan,https://staff.am/en/senior-software-engineer-76
557,"Senior Software Engineer, Front-End",ServiceTitan,03 July 2020,Yerevan,https://staff.am/en/sr-software-engineer-front-end-27
558,Senior Site Reliability Engineer,ServiceTitan,15 July 2020,Yerevan,https://staff.am/en/senior-site-reliability-engineer
559,Lead Software Engineer,ServiceTitan,05 July 2020,Yerevan,https://staff.am/en/lead-software-engineer
560,QA Automation Engineer,ServiceTitan,05 July 2020,Yerevan,https://staff.am/en/qa-automation-engineer-91
